siteID,Lake_name,Other_names,lake_or_reservoir,location,region,latitude,longitude,elevation_m,mean_depth_m,max_depth_m,surface_area_km2,volume_km3,source,sampling_depth,time_period,contributor
1,Abaya,,Lake,Ethiopia ,Africa,6.48,37.9,1249,7,13,1083.7,8.2,Satellite,skin,JFM,Philipp Schneider ps@nilu.no; Simon Hook simon.j.hook@jpl.nasa.gov
4,Albert,,Lake,Uganda Zaire,Africa,1.8,31.1,629,25,58,5401.9,132,Satellite,skin,JFM,Philipp Schneider ps@nilu.no; Simon Hook simon.j.hook@jpl.nasa.gov
27,Bangweulu,,Lake,Zambia ,Africa,-10.99,29.89,1170,4,10,2049.1,5,Satellite,skin,JAS,Philipp Schneider ps@nilu.no; Simon Hook simon.j.hook@jpl.nasa.gov
55,CaboraBassa,,Reservoir,Mozambique Zimbabwe,Africa,-15.61,32.32,420,20.9,157,4362.6,55.8,Satellite,skin,JAS,Philipp Schneider ps@nilu.no; Simon Hook simon.j.hook@jpl.nasa.gov
62,Chad,,Lake,Chad Nigeria Niger Cameroon,Africa,13.12,14.45,279,1.5,8,19346.6,6.3,Satellite,skin,JFM,Philipp Schneider ps@nilu.no; Simon Hook simon.j.hook@jpl.nasa.gov
67,Chilwa,,Lake,Malawi ,Africa,-15.36,35.72,629,1,2.7,695.7,1.8,Satellite,skin,JAS,Philipp Schneider ps@nilu.no; Simon Hook simon.j.hook@jpl.nasa.gov
69,Chishi,"Mweru Wantipa, Cheshi",Lake,Zambia ,Africa,-8.66,29.73,945,2,5,1389.9,2.77,Satellite,skin,JAS,Philipp Schneider ps@nilu.no; Simon Hook simon.j.hook@jpl.nasa.gov
87,Edward,,Lake,Zaire Uganda,Africa,-0.3,29.62,781,34,117,2252.5,39.52,Satellite,skin,JAS,Philipp Schneider ps@nilu.no; Simon Hook simon.j.hook@jpl.nasa.gov
92,Eyasi,,Lake,Tanzania ,Africa,-3.58,35.13,1023,1,1,1113,1.11,Satellite,skin,JAS,Philipp Schneider ps@nilu.no; Simon Hook simon.j.hook@jpl.nasa.gov
135,Kainji,,Reservoir,Nigeria ,Africa,10.4,4.56,96,10.6,12.1,1414,15,Satellite,skin,JFM,Philipp Schneider ps@nilu.no; Simon Hook simon.j.hook@jpl.nasa.gov
139,Kariba,,Reservoir,Zimbabwe Zambia,Africa,-16.68,28.44,468,29,97,4958.5,160,Satellite,skin,JAS,Philipp Schneider ps@nilu.no; Simon Hook simon.j.hook@jpl.nasa.gov
145,Kivu,,Lake,Zaire Rwanda,Africa,-1.79,29.14,1500,240,480,2370.7,333,Satellite,skin,JAS,Philipp Schneider ps@nilu.no; Simon Hook simon.j.hook@jpl.nasa.gov
169,Mai.Ndombe,,Lake,Zaire ,Africa,-1.69,18.28,335,5,10,1954.9,,Satellite,skin,JAS,Philipp Schneider ps@nilu.no; Simon Hook simon.j.hook@jpl.nasa.gov
171,Malawi.Buoy1,,Lake,Malawi Mozambique Tanzania,Africa,-13.86,34.85,485,292,706,29251.5,8400,Satellite,skin,JAS,Philipp Schneider ps@nilu.no; Simon Hook simon.j.hook@jpl.nasa.gov
172,Malawi.Buoy2,,Lake,Malawi Mozambique Tanzania,Africa,-13.43,34.74,485,292,706,29251.5,8400,Satellite,skin,JAS,Philipp Schneider ps@nilu.no; Simon Hook simon.j.hook@jpl.nasa.gov
173,Malawi.Center,,Lake,Malawi Mozambique Tanzania,Africa,-11.73,34.62,485,292,706,29251.5,8400,Satellite,skin,JAS,Philipp Schneider ps@nilu.no; Simon Hook simon.j.hook@jpl.nasa.gov
190,Mweru,,Lake,Zambia Zaire,Africa,-9.01,28.74,949,7,37,4944.8,32,Satellite,skin,JAS,Philipp Schneider ps@nilu.no; Simon Hook simon.j.hook@jpl.nasa.gov
193,Nasser,,Reservoir,Egypt Sudan,Africa,23.19,32.78,192,25.2,130,3817.9,132.5,Satellite,skin,JFM,Philipp Schneider ps@nilu.no; Simon Hook simon.j.hook@jpl.nasa.gov
251,Rukwa,,Lake,Tanzania ,Africa,-7.59,31.79,793,,15,1965,,Satellite,skin,JAS,Philipp Schneider ps@nilu.no; Simon Hook simon.j.hook@jpl.nasa.gov
252,Rukwa.1,,Lake,Tanzania ,Africa,-7.8,31.99,793,,15,1965,,Satellite,skin,JAS,Philipp Schneider ps@nilu.no; Simon Hook simon.j.hook@jpl.nasa.gov
295,Tana,,Lake,Ethiopia ,Africa,12.07,37.38,1786,9,14,3034.7,28,Satellite,skin,JFM,Philipp Schneider ps@nilu.no; Simon Hook simon.j.hook@jpl.nasa.gov
296,Tanganyika,,Lake,Zaire Tanzania Zambia Burundi,Africa,-6.79,30.07,773,572,1471,32820.5,17800,Satellite Denis/Oreilly/Verburg/McIntyre,skin,JAS,Pierre-Denis Plisnier pierre-denis.plisnier@africamuseum.be; CatherineOreilly cmoreil@ilstu.edu; Piet Verburg piet.verburg@niwa.co.nz; Peter McIntyre pmcintyre@wisc.edu
307,Tumba,,Lake,Zaire ,Africa,-0.68,18.01,338,,5,697,,Satellite,skin,JAS,Philipp Schneider ps@nilu.no; Simon Hook simon.j.hook@jpl.nasa.gov
308,Turkana,,Lake,Kenya Ethiopia,Africa,3.78,36.04,438,30.2,109,7785.4,203.6,Satellite,skin,JFM,Philipp Schneider ps@nilu.no; Simon Hook simon.j.hook@jpl.nasa.gov
311,Upemba,,Lake,Zaire ,Africa,-8.62,26.4,586,1,4,573,0.9,Satellite,skin,JAS,Philipp Schneider ps@nilu.no; Simon Hook simon.j.hook@jpl.nasa.gov
323,Victoria,,Lake,Tanzania Uganda Kenya,Africa,-0.95,33.03,1140,40,84,67075.2,2750,Satellite,skin,JAS,Philipp Schneider ps@nilu.no; Simon Hook simon.j.hook@jpl.nasa.gov
2,Ai.pi,Ebinur,Lake,China ,Asia,44.86,83.02,166,11.89,15,600.2,7.14,Satellite,skin,JAS,Philipp Schneider ps@nilu.no; Simon Hook simon.j.hook@jpl.nasa.gov
3,Alakol,,Lake,Kazakhstan ,Asia,46,81.78,336,22,54,2802.1,58.6,Satellite,skin,JAS,Philipp Schneider ps@nilu.no; Simon Hook simon.j.hook@jpl.nasa.gov
21,Ayakkum,"Ayak Kum, Ayak Kum Kul",Lake,China ,Asia,37.55,89.45,4161,,,575.1,,Satellite,skin,JAS,Philipp Schneider ps@nilu.no; Simon Hook simon.j.hook@jpl.nasa.gov
23,Baikal.North,,Lake,Russia ,Asia,54.2,108.97,450,730,1637,31924.6,23000,Satellite,skin,JAS,Philipp Schneider ps@nilu.no; Simon Hook simon.j.hook@jpl.nasa.gov
24,Baikal.South,,Lake,Russia ,Asia,51.64,104.71,450,730,1637,31924.6,23000,Silow/Lyubov,0,JAS,Eugene Silow; Lyubov Izmest eva 
26,Balkhash,,Lake,Kazakhstan ,Asia,46.3,74.5,329,5.8,25.6,17458.8,106,Satellite,skin,JAS,Philipp Schneider ps@nilu.no; Simon Hook simon.j.hook@jpl.nasa.gov
29,Barun.Torey,,Lake,Russia ,Asia,50,115.52,595,1.76,4.6,783.4,1.38,Satellite,skin,JAS,Philipp Schneider ps@nilu.no; Simon Hook simon.j.hook@jpl.nasa.gov
37,Biwa.ko,,Lake,Japan ,Asia,35.33,136.17,69,41,104,658.5,27.5,Kumagai,0.5,JAS,Michio Kumagai kumagai-m@lberi.jp
41,BoengTonleChhma,,Lake,Cambodia ,Asia,13.04,103.92,4,1,10,2569.9,2.56,Satellite,skin,JFM,Philipp Schneider ps@nilu.no; Simon Hook simon.j.hook@jpl.nasa.gov
42,Bosten,,Lake,China ,Asia,41.99,86.98,1062,9.7,15.7,999.5,8,Satellite,skin,JAS,Philipp Schneider ps@nilu.no; Simon Hook simon.j.hook@jpl.nasa.gov
45,Bratskoye,,Reservoir,Russia ,Asia,55.62,101.99,399,31.1,150,4476.5,169.3,Satellite,skin,JAS,Philipp Schneider ps@nilu.no; Simon Hook simon.j.hook@jpl.nasa.gov
54,Buyr,Bei er,Lake,Mongolia China,Asia,47.82,117.71,597,8.1,11.8,608.5,3.78,Satellite,skin,JAS,Philipp Schneider ps@nilu.no; Simon Hook simon.j.hook@jpl.nasa.gov
61,Cha.jihNan.mu.tso..Zhari.Namco,,Lake,China ,Asia,30.93,85.49,4743,3.6,5.6,1004.4,3.61,Satellite,skin,JAS,Philipp Schneider ps@nilu.no; Simon Hook simon.j.hook@jpl.nasa.gov
63,Chao,Chaohu,Lake,China ,Asia,31.51,117.57,1,3,5,767.5,1.7,Satellite,skin,JAS,Philipp Schneider ps@nilu.no; Simon Hook simon.j.hook@jpl.nasa.gov
65,Chardarinskoye,Shardara Reservoir,Reservoir,Kazakhstan Uzbekistan,Asia,41.14,68.19,236,6.3,26,600.4,5.7,Satellite,skin,JAS,Philipp Schneider ps@nilu.no; Simon Hook simon.j.hook@jpl.nasa.gov
66,Chilka,Chilika,Lake,India ,Asia,19.76,85.4,16,1.4,2.4,884.6,1.23,Satellite,skin,JFM,Philipp Schneider ps@nilu.no; Simon Hook simon.j.hook@jpl.nasa.gov
98,Gaoyou,,Lake,China ,Asia,32.83,119.34,1,1.4,2.4,622.5,0.87,Satellite,skin,JAS,Philipp Schneider ps@nilu.no; Simon Hook simon.j.hook@jpl.nasa.gov
110,Gyaring,Zhaling,Lake,China ,Asia,34.92,97.29,4256,8.9,13.1,533.9,46.7,Satellite,skin,JAS,Philipp Schneider ps@nilu.no; Simon Hook simon.j.hook@jpl.nasa.gov
113,Har,,Lake,Mongolia ,Asia,48.05,93.15,1160,4.14,7,601.3,2.42,Satellite,skin,JAS,Philipp Schneider ps@nilu.no; Simon Hook simon.j.hook@jpl.nasa.gov
114,Har.Hala,,Lake,China ,Asia,38.3,97.56,4239,,65,594.9,,Satellite,skin,JAS,Philipp Schneider ps@nilu.no; Simon Hook simon.j.hook@jpl.nasa.gov
118,Harus,,Lake,Mongolia ,Asia,47.95,92.15,1191,2.1,4.5,1193.5,3.12,Satellite,skin,JAS,Philipp Schneider ps@nilu.no; Simon Hook simon.j.hook@jpl.nasa.gov
120,Hongze,Hung-tse,Lake,China ,Asia,33.29,118.73,3,8,,1524.9,25,Satellite,skin,JAS,Philipp Schneider ps@nilu.no; Simon Hook simon.j.hook@jpl.nasa.gov
122,HovsGol,Khovsgol,Lake,Mongolia ,Asia,51.21,100.53,1640,138,267,2741.4,381,Satellite,skin,JAS,Philipp Schneider ps@nilu.no; Simon Hook simon.j.hook@jpl.nasa.gov
123,Hulun,,Lake,China ,Asia,48.83,117.25,539,5,7,2166.5,13.13,Satellite,skin,JAS,Philipp Schneider ps@nilu.no; Simon Hook simon.j.hook@jpl.nasa.gov
127,Hyargas,,Lake,Mongolia ,Asia,49.2,93.25,1027,20,80,1362.7,75.2,Satellite,skin,JAS,Philipp Schneider ps@nilu.no; Simon Hook simon.j.hook@jpl.nasa.gov
131,Issyk.kul,,Lake,Kyrgyzstan ,Asia,42.42,77.31,1619,270,668,6258.9,1689.9,Satellite,skin,JAS,Philipp Schneider ps@nilu.no; Simon Hook simon.j.hook@jpl.nasa.gov
138,KapchagayskoyeVodo,Kapshagay Reservoir,Reservoir,Kazakhstan ,Asia,43.84,77.41,462,22.07,,1273,28.1,Satellite,skin,JAS,Philipp Schneider ps@nilu.no; Simon Hook simon.j.hook@jpl.nasa.gov
143,Khanka,,Lake,Russia China,Asia,45.09,132.42,64,4.5,6.5,4088.1,18.3,Satellite,skin,JAS,Philipp Schneider ps@nilu.no; Simon Hook simon.j.hook@jpl.nasa.gov
147,Kulundinskoye,,Lake,Russia ,Asia,53.01,79.53,92,32,4.9,728,23.29,Satellite,skin,JAS,Philipp Schneider ps@nilu.no; Simon Hook simon.j.hook@jpl.nasa.gov
155,Labaz,Lobaz,Lake,Russia ,Asia,72.29,99.69,48,,,549.6,,Satellite,skin,JAS,Philipp Schneider ps@nilu.no; Simon Hook simon.j.hook@jpl.nasa.gov
192,Na.Mu," Nam Co, Nam Mu",Lake,China ,Asia,30.7,90.45,4704,26,33,1933.6,49.92,Satellite,skin,JAS,Philipp Schneider ps@nilu.no; Simon Hook simon.j.hook@jpl.nasa.gov
194,Nerpichye,,Lake,Russia ,Asia,56.41,162.74,1,51,148,527.7,26.91,Satellite,skin,JAS,Philipp Schneider ps@nilu.no; Simon Hook simon.j.hook@jpl.nasa.gov
199,Ngoring,Eling,Lake,China ,Asia,34.89,97.71,4240,17.6,30.7,597.8,10.76,Satellite,skin,JAS,Philipp Schneider ps@nilu.no; Simon Hook simon.j.hook@jpl.nasa.gov
242,Qinghai,,Lake,China ,Asia,36.96,100.27,3176,16,28,4449.7,85,Satellite,skin,JAS,Philipp Schneider ps@nilu.no; Simon Hook simon.j.hook@jpl.nasa.gov
260,Sasykkol,,Lake,Kazakhstan ,Asia,46.57,80.88,342,3.3,4.7,731.9,2.43,Satellite,skin,JAS,Philipp Schneider ps@nilu.no; Simon Hook simon.j.hook@jpl.nasa.gov
262,Se.lin,Siling Co,Lake,China ,Asia,31.79,89.08,4557,,40,1908.5,,Satellite,skin,JAS,Philipp Schneider ps@nilu.no; Simon Hook simon.j.hook@jpl.nasa.gov
271,Songkhla.Lake,,Lake,Thailand ,Asia,7.67,100.23,67,1.4,2,1024.5,1.6,Satellite,skin,JFM,Philipp Schneider ps@nilu.no; Simon Hook simon.j.hook@jpl.nasa.gov
291,Taihu.B1,,Lake,China ,Asia,31.23,120.12,2,1.9,2.6,2398.5,4.3,Teubner,not in file,JAS,Katrin Teubner katrin.teubner@univie.ac.at
292,Taihu.B2,,Lake,China ,Asia,31.23,120.12,2,1.9,2.6,2398.5,4.3,Teubner,not in file,JAS,Katrin Teubner katrin.teubner@univie.ac.at
293,Taihu.C7,,Lake,China ,Asia,31.23,120.12,2,1.9,2.6,2398.5,4.3,Teubner,not in file,JAS,Katrin Teubner katrin.teubner@univie.ac.at
294,Taihu.C8,,Lake,China ,Asia,31.23,120.12,2,1.9,2.6,2398.5,4.3,Teubner,not in file,JAS,Katrin Teubner katrin.teubner@univie.ac.at
299,Taymyr,,Lake,Russia ,Asia,74.4,101.69,24,2.8,26,4200.1,12.8,Satellite,skin,JAS,Philipp Schneider ps@nilu.no; Simon Hook simon.j.hook@jpl.nasa.gov
310,Ulungar,Wu Lun Gu Hu,Lake,China ,Asia,47.24,87.21,452,8,12,757,6.06,Satellite,skin,JAS,Philipp Schneider ps@nilu.no; Simon Hook simon.j.hook@jpl.nasa.gov
315,Uvs,,Lake,Mongolia Russia,Asia,50.3,92.7,752,6,10,3421.5,39.6,Satellite,skin,JAS,Philipp Schneider ps@nilu.no; Simon Hook simon.j.hook@jpl.nasa.gov
340,Zaysan,,Reservoir,Kazakhstan ,Asia,47.88,84.25,379,5,15,4470.5,53,Satellite,skin,JAS,Philipp Schneider ps@nilu.no; Simon Hook simon.j.hook@jpl.nasa.gov
341,Zeyskoye,,Reservoir,Russia ,Asia,54.43,127.7,271,34.82,93,1964,68.4,Satellite,skin,JAS,Philipp Schneider ps@nilu.no; Simon Hook simon.j.hook@jpl.nasa.gov
7,Allequash,,Lake,United States,Eastern North America,46.04,-89.62,494,2.9,8,1.68,4.88E-03,NTL LTER,0,JAS,Jordan Read jread@usgs.gov
10,Amadjuak,,Lake,Canada ,Eastern North America,64.95,-71.11,112,,,3033.7,,Satellite,skin,JAS,Philipp Schneider ps@nilu.no; Simon Hook simon.j.hook@jpl.nasa.gov
17,Ashokan.East,,Reservoir,United States,Eastern North America,41.97,-74.15,178.95,16.7,32.9,20.87,0.34,Samal,1,JAS,Nihar Samal NSamal@dep.nyc.gov
18,Ashokan.West,,Reservoir,United States,Eastern North America,41.96,-74.25,179.83,15.6,56.4,12.76,0.18,Samal,1,JAS,Nihar Samal NSamal@dep.nyc.gov
36,Big.Muskellunge,,Lake,United States,Eastern North America,46.02,-89.61,250,7.5,21.3,3.96,0.02,NTL LTER,0,JAS,Jordan Read jread@usgs.gov
39,Blue.Chalk,,Lake,Canada,Eastern North America,45.19,-78.93,343.5,8.5,23,0.52,4.47E-03,Rusak,0.1,JAS,Jim Rusak Jim.Rusak@ontario.ca
44,BrasDOr,,Lake,Canada ,Eastern North America,45.84,-60.79,35,33.5,287,953.8,32,Satellite,skin,JAS,Philipp Schneider ps@nilu.no; Simon Hook simon.j.hook@jpl.nasa.gov
56,Cannonsville,,Reservoir,United States,Eastern North America,42.06,-75.37,350.52,21.3,52.4,19.29,0.39,Samal,1,JAS,Nihar Samal NSamal@dep.nyc.gov
71,Chub,,Lake,Canada,Eastern North America,48.74,-91.91,371,8.9,27,0.34,3.06E-03,Rusak,0.1,JAS,Jim Rusak Jim.Rusak@ontario.ca
74,Clearwater,,Lake,Canada,Eastern North America,46.37,-81.05,285,8.4,21.5,0.75,6.42E-03,Bailey,0,JAS,John Bailey jbailey@laurentian.ca
78,Crosson,,Lake,Canada,Eastern North America,45.08,-79.03,332,9.2,25,0.56,5.22E-03,Rusak,0.1,JAS,Jim Rusak Jim.Rusak@ontario.ca
79,Crystal,,Lake,United States,Eastern North America,46,-89.61,250,10.4,20.4,0.36,3.82E-03,NTL LTER,0,JAS,Jordan Read jread@usgs.gov
83,Dickie,,Lake,Canada,Eastern North America,45.14,-79.08,354.5,5,12,0.93,4.68E-03,Rusak,0.1,JAS,Jim Rusak Jim.Rusak@ontario.ca
88,Erie.B45005,,Lake,Canada United States,Eastern North America,41.67,-82.39,174,19,64,25691,458,Austin/Schneider,0,JAS,Jay Austin jaustin@d.umn.edu; Philipp Schneider ps@nilu.no; Simon Hook simon.j.hook@jpl.nasa.gov
89,Erie.Center,,Lake,Canada United States,Eastern North America,42.24,-81.14,174,19,64,25691,458,Satellite,skin,JAS,Philipp Schneider ps@nilu.no; Simon Hook simon.j.hook@jpl.nasa.gov
95,Fish,,Lake,United States,Eastern North America,43.28,-89.65,259.69,6.6,18.9,0.87,5.77E-03,NTL LTER,0,JAS,Jordan Read jread@usgs.gov
102,Giles,,Lake,United States,Eastern North America,41.37,-75.09,439,5.2,13,0.21,1.10E-03,Williamson,0,JAS,Craig Williamson craig.williamson@miamiOH.edu
111,Hannah,,Lake,Canada,Eastern North America,46.44,-81.03,285,4,8.5,0.27,1.08E-03,Bailey,0,JAS,John Bailey jbailey@laurentian.ca
116,Harp,,Lake,Canada,Eastern North America,45.38,-79.13,327,13.3,37.5,0.71,9.49E-03,Rusak,0.1,JAS,Jim Rusak Jim.Rusak@ontario.ca
119,Heney,,Lake,Canada,Eastern North America,45.12,-79.1,345.5,3.3,5.8,0.21,7.05E-04,Rusak,0.1,JAS,Jim Rusak Jim.Rusak@ontario.ca
124,Huron.B45003,,Lake,Canada United States,Eastern North America,45.35,-82.84,176,53,228,59756.5,3535,Austin/Schneider,0,JAS,Jay Austin jaustin@d.umn.edu; Phillip Schneider ps@nilu.no
125,Huron.B45008,,Lake,Canada United States,Eastern North America,44.28,-82.41,176,53,228,59756.5,3535,Austin/Schneider,0,JAS,Jay Austin jaustin@d.umn.edu; Phillip Schneider ps@nilu.no
126,Huron.Center,,Lake,Canada United States,Eastern North America,44.75,-82.33,176,53,228,59756.5,3535,Satellite,skin,JAS,Philipp Schneider ps@nilu.no; Simon Hook simon.j.hook@jpl.nasa.gov
141,Kensico,,Reservoir,United States,Eastern North America,41.08,-73.76,108.81,19.2,53.9,9.14,0.16,Samal,1,JAS,Nihar Samal NSamal@dep.nyc.gov
149,L223,,Lake,Canada - ELA,Eastern North America,49.75,-93.75,402,7.16,14.4,0.27,1.95E-03,Sandilands,2,JAS,Ken Sandiland Ken.Sandilands@dfo-mpo.gc.ca; Scott Higgins Scott.Higgins@dfo-mpo.gc.ca
150,L224,,Lake,Canada - ELA,Eastern North America,49.75,-93.75,402,11.59,27.4,0.25,3.00E-03,Sandilands,2,JAS,Ken Sandiland Ken.Sandilands@dfo-mpo.gc.ca; Scott Higgins Scott.Higgins@dfo-mpo.gc.ca
151,L227,,Lake,Canada - ELA,Eastern North America,49.75,-93.75,402,4.42,10,0.05,2.21E-04,Sandilands,2,JAS,Ken Sandiland Ken.Sandilands@dfo-mpo.gc.ca; Scott Higgins Scott.Higgins@dfo-mpo.gc.ca
152,L239,,Lake,Canada - ELA,Eastern North America,49.75,-93.75,392,10.52,30.4,0.54,5.71E-03,Sandilands,2,JAS,Ken Sandiland Ken.Sandilands@dfo-mpo.gc.ca; Scott Higgins Scott.Higgins@dfo-mpo.gc.ca
153,L240,,Lake,Canada - ELA,Eastern North America,49.75,-93.75,392,6.05,13.1,0.44,2.67E-03,Sandilands,2,JAS,Ken Sandiland Ken.Sandilands@dfo-mpo.gc.ca; Scott Higgins Scott.Higgins@dfo-mpo.gc.ca
154,L302s,,Lake,Canada - ELA,Eastern North America,49.75,-93.75,402,5.08,10.6,0.1,1.29E-03,Sandilands,2,JAS,Ken Sandiland Ken.Sandilands@dfo-mpo.gc.ca; Scott Higgins Scott.Higgins@dfo-mpo.gc.ca
156,Lacawac,,Lake,United States,Eastern North America,41.38,-75.29,428,10.1,24.1,0.48,4.88E-03,Williamson,0,JAS,Craig Williamson craig.williamson@miamiOH.edu
158,Lake.of.the.Woods,,Lake,Canada United States,Eastern North America,49.05,-94.88,326,7.9,64,4167.7,19.4,Satellite,skin,JAS,Philipp Schneider ps@nilu.no; Simon Hook simon.j.hook@jpl.nasa.gov
166,Lohi,,Lake,Canada,Eastern North America,46.38,-81.04,282,6.2,19.5,0.4,2.50E-03,Bailey,0,JAS,John Bailey jbailey@laurentian.ca
175,Manitoba,,Lake,Canada ,Eastern North America,50.41,-98.29,247,4.75,7,4790.9,22.8,Satellite,skin,JAS,Philipp Schneider ps@nilu.no; Simon Hook simon.j.hook@jpl.nasa.gov
179,Mendota,,Lake,United States,Eastern North America,43.09,-89.4,259,12.8,25.3,39.37,0.5,NTL LTER,0,JAS,Jordan Read jread@usgs.gov
180,Michigan.B45002,,Lake,United States ,Eastern North America,45.34,-86.4,176,84,281,57399.4,4871,Austin/Schneider,0,JAS,Jay Austin jaustin@d.umn.edu; Phillip Schneider ps@nilu.no
181,Michigan.B45007,,Lake,United States ,Eastern North America,42.67,-87.02,176,84,281,57399.4,4871,Austin/Schneider,0,JAS,Jay Austin jaustin@d.umn.edu; Phillip Schneider ps@nilu.no
182,Michigan.Center,,Lake,United States ,Eastern North America,42.84,-86.94,176,84,281,57399.4,4871,Satellite,skin,JAS,Philipp Schneider ps@nilu.no; Simon Hook simon.j.hook@jpl.nasa.gov
183,Middle,,Lake,Canada,Eastern North America,46.43,-81.02,284,6.2,15,0.28,1.75E-03,Bailey,0,JAS,John Bailey jbailey@laurentian.ca
187,Monona,,Lake,United States,Eastern North America,43.06,-89.36,258,8.2,22.5,13.24,0.1,NTL LTER,0,JAS,Jordan Read jread@usgs.gov
195,Nettiling,,Lake,Canada ,Eastern North America,66.76,-70.72,30,20,132,5064.7,114,Satellite,skin,JAS,Philipp Schneider ps@nilu.no; Simon Hook simon.j.hook@jpl.nasa.gov
197,Neversink,,Reservoir,United States,Eastern North America,41.82,-74.64,438.91,25.8,57,6.22,0.15,Samal,1,JAS,Nihar Samal NSamal@dep.nyc.gov
201,Nipigon,,Lake,Canada ,Eastern North America,49.72,-88.63,283,54.9,165,4476.9,248,Satellite,skin,JAS,Philipp Schneider ps@nilu.no; Simon Hook simon.j.hook@jpl.nasa.gov
212,Oneida_Billington,,Lake,United States,Eastern North America,43.17,-75.94,112,4.3,16.8,207,1.56,Hethrington and Rudstram,0,JAS,Amy Hetherington alh11@cornell.edu; Lars Rudstram lgr1@cornell.edu
213,Oneida_Buoy_109,,Lake,United States,Eastern North America,43.18,-75.77,112,12,16.8,207,1.56,Hethrington and Rudstram,0,JAS,Amy Hetherington alh11@cornell.edu; Lars Rudstram lgr1@cornell.edu
214,Oneida_Buoy_117,,Lake,United States,Eastern North America,43.19,-75.85,112,11.9,16.8,207,1.56,Hethrington and Rudstram,0,JAS,Amy Hetherington alh11@cornell.edu; Lars Rudstram lgr1@cornell.edu
215,Oneida_Buoy_123,,Lake,United States,Eastern North America,43.2,-75.91,112,7.7,16.8,207,1.56,Hethrington and Rudstram,0,JAS,Amy Hetherington alh11@cornell.edu; Lars Rudstram lgr1@cornell.edu
216,Oneida_Buoy_125,,Lake,United States,Eastern North America,43.21,-75.92,112,12.1,16.8,207,1.56,Hethrington and Rudstram,0,JAS,Amy Hetherington alh11@cornell.edu; Lars Rudstram lgr1@cornell.edu
217,Oneida_Buoy_127,,Lake,United States,Eastern North America,43.21,-75.96,112,11.2,16.8,207,1.56,Hethrington and Rudstram,0,JAS,Amy Hetherington alh11@cornell.edu; Lars Rudstram lgr1@cornell.edu
218,Oneida_Shackelton_Point,,Lake,United States,Eastern North America,43.18,-75.92,112,11.4,16.8,207,1.56,Hethrington and Rudstram,0,JAS,Amy Hetherington alh11@cornell.edu; Lars Rudstram lgr1@cornell.edu
219,Oneida_Three_Mile_Bay,,Lake,United States,Eastern North America,43.22,-76.04,112,6.4,16.8,207,1.56,Hethrington and Rudstram,0,JAS,Amy Hetherington alh11@cornell.edu; Lars Rudstram lgr1@cornell.edu
220,Ontario.Center,,Lake,Canada,Eastern North America,43.62,-77.61,75,86,224,19328.9,1638,Satellite,skin,JAS,Philipp Schneider ps@nilu.no; Simon Hook simon.j.hook@jpl.nasa.gov
229,Pepacton,,Reservoir,United States,Eastern North America,42.07,-74.96,390.14,30.1,68.3,23.19,0.63,Samal,1,JAS,Nihar Samal NSamal@dep.nyc.gov
233,Plastic,,Lake,Canada,Eastern North America,45.17,-78.82,253.9,7.9,16.3,0.32,3.76E-03,Rusak,0.1,JAS,Jim Rusak Jim.Rusak@ontario.ca
244,Red.Chalk.East,,Lake,Canada,Eastern North America,45.18,-78.94,343,5.7,19,0.13,7.44E-04,Rusak,0.1,JAS,Jim Rusak Jim.Rusak@ontario.ca
245,Red.Chalk.Main,,Lake,Canada,Eastern North America,45.18,-78.94,343,16.7,38,0.44,7.36E-03,Rusak,0.1,JAS,Jim Rusak Jim.Rusak@ontario.ca
248,Rondout,,Reservoir,United States,Eastern North America,41.8,-74.42,256.03,27.3,57.3,8.57,0.22,Samal,1,JAS,Nihar Samal NSamal@dep.nyc.gov
255,Saint.Clair,,Lake,Canada United States,Eastern North America,42.43,-82.71,174,3.4,8.2,1155.8,3.4,Satellite,skin,JAS,Philipp Schneider ps@nilu.no; Simon Hook simon.j.hook@jpl.nasa.gov
258,Sans.Chambre,,Lake,Canada,Eastern North America,46.72,-81.12,385,5.6,15,0.14,8.30E-04,Rusak,0,JAS,Jim Rusak Jim.Rusak@ontario.ca
261,Schoharie,,Reservoir,United States,Eastern North America,42.39,-74.45,344.42,18.1,46.6,4.63,0.08,Samal,1,JAS,Nihar Samal NSamal@dep.nyc.gov
267,Simcoe,,Lake,Canada ,Eastern North America,44.44,-79.35,233,15,41,759.7,11.6,Satellite,skin,JAS,Philipp Schneider ps@nilu.no; Simon Hook simon.j.hook@jpl.nasa.gov
270,Smallwood,,Reservoir,Canada ,Eastern North America,54.15,-64,472,5.16,,5610.4,29,Satellite,skin,JAS,Philipp Schneider ps@nilu.no; Simon Hook simon.j.hook@jpl.nasa.gov
273,Sparkling.Lake.NTL,,lake,United States,Eastern North America,46,-89.7,494.76,10.7,19.6,0.63,6.84E-03,NTL LTER,0,JAS,Jordan Read jread@usgs.gov
275,St.Jean,,Reservoir,Canada ,Eastern North America,48.56,-71.96,97,11.4,63.1,1106.2,11.9,Satellite,skin,JAS,Philipp Schneider ps@nilu.no; Simon Hook simon.j.hook@jpl.nasa.gov
280,Superior.B45001,,Lake,Canada United States,Eastern North America,48.04,-87.77,184,148,406,81935.7,12221,Austin/Schneider,0,JAS,Jay Austin jaustin@d.umn.edu; Phillip Schneider ps@nilu.no
281,Superior.B45004,,Lake,Canada United States,Eastern North America,47.58,-86.58,184,148,406,81935.7,12221,Austin/Schneider,0,JAS,Jay Austin jaustin@d.umn.edu; Phillip Schneider ps@nilu.no
282,Superior.B45006,,Lake,Canada United States,Eastern North America,47.33,-89.79,184,148,406,81935.7,12221,Austin/Schneider,0,JAS,Jay Austin jaustin@d.umn.edu; Phillip Schneider ps@nilu.no
283,Superior.Center,,Lake,Canada United States,Eastern North America,48.05,-87.09,184,148,406,81935.7,12221,Satellite,skin,JAS,Philipp Schneider ps@nilu.no; Simon Hook simon.j.hook@jpl.nasa.gov
284,Swan,,Lake,Canada,Eastern North America,46.36,-81.11,286,2.8,8.8,0.05,1.62E-04,Rusak,0,JAS,Jim Rusak Jim.Rusak@ontario.ca
304,Trout.Lake,,Lake,United States Wisconsin,Eastern North America,46.03,-89.66,491,14.6,35.7,14.2,0.2,NTL LTER,0,JAS,Jordan Read jread@usgs.gov
306,Tulemalu,,Lake,Canada ,Eastern North America,62.95,-99.34,279,,,656.8,,Satellite,skin,JAS,Philipp Schneider ps@nilu.no; Simon Hook simon.j.hook@jpl.nasa.gov
332,Whitepine,,Lake,Canada,Eastern North America,47.38,-80.61,422,7,22,0.84,5.92E-03,Bailey,0,JAS,John Bailey jbailey@laurentian.ca
334,Wingra,,Lake,United States,Eastern North America,43.05,-89.41,257.86,2.7,6.7,1.39,3.77E-03,NTL LTER,0,JAS,Jordan Read jread@usgs.gov
335,Winnebago,,Lake,United States ,Eastern North America,44.02,-88.41,229,4.7,7,526.1,4.1,Satellite,skin,JAS,Philipp Schneider ps@nilu.no; Simon Hook simon.j.hook@jpl.nasa.gov
336,Winnipeg,,Lake,Canada ,Eastern North America,53.39,-98.39,217,12,36,23809.3,284,Satellite,skin,JAS,Philipp Schneider ps@nilu.no; Simon Hook simon.j.hook@jpl.nasa.gov
337,Winnipegosis,,Lake,Canada ,Eastern North America,52.66,-99.86,252,4.24,18.3,5167.1,19.8,Satellite,skin,JAS,Philipp Schneider ps@nilu.no; Simon Hook simon.j.hook@jpl.nasa.gov
8,Allgjuttern,,Lake,Sweden,Europe,57.94,16.09,126.3,11.4,40.7,0.18,2.10E-03,Weyhenmeyer,0,JAS,Gesa  Weyhenmeyer Gesa.Weyhenmeyer@ebc.uu.se
11,Annecy,,Lake,France,Europe,45.86,6.16,447,41,65,27,1.1,Anneville,2.5,JAS,Orlane Anneville orlane.anneville@thonon.inra.fr
25,Balaton,,Lake,Hungary ,Europe,46.98,18.06,126,3.25,12.2,578.2,1.9,Satellite,skin,JAS,Philipp Schneider ps@nilu.no; Simon Hook simon.j.hook@jpl.nasa.gov
34,Beloye,,Lake,Russia ,Europe,60.18,37.64,122,4.5,20,1095.4,6.2,Satellite,skin,JAS,Philipp Schneider ps@nilu.no; Simon Hook simon.j.hook@jpl.nasa.gov
43,Bourget,,Lake,France Savoie ,Europe,45.73,5.86,231,80,145,44,3.52,Anneville,2,JAS,Orlane Anneville orlane.anneville@thonon.inra.fr
46,Brunnsjon,Brunnsjön,Lake,Sweden,Europe,56.59,15.72,94.4,5.3,10.6,0.1,5.71E-04,Weyhenmeyer,0,JAS,Gesa  Wehenmeyer Gesa.Weyhenmeyer@ebc.uu.se
90,Erken,,Lake,Sweden,Europe,59.84,18.58,11.1,9,20.65,23.7,0.21,Weyhenmeyer,1,JAS,Gesa  Wehenmeyer Gesa.Weyhenmeyer@ebc.uu.se
93,Feeagh,,Lake,Ireland,Europe,53.92,-9.57,20,14.5,45,3.92,0.05,de Eyoto,0,JAS,Elvira de Eyto elvira.deeyto@marine.ie
94,Fiolen,,Lake,Sweden,Europe,57.09,14.52,226,3.8,10.5,1.63,6.21E-03,Weyhenmeyer,0,JAS,Gesa  Wehenmeyer Gesa.Weyhenmeyer@ebc.uu.se
97,Fracksjon,Fracksjön,Lake,Sweden,Europe,58.14,12.18,58,6,14.5,0.27,1.62E-03,Weyhenmeyer,0,JAS,Gesa  Wehenmeyer Gesa.Weyhenmeyer@ebc.uu.se
99,Garda,,Lake,Italy,Europe,45.53,10.64,65,133,350,368,49,Salmaso,0,JAS,Nico Salmaso nico.salmaso@fmach.it
100,Geneva,,Lake,Switzerland France,Europe,46.46,6.58,372.05,152.7,309.7,580.1,88.9,Anneville,0,JAS,Orlane Anneville orlane.anneville@thonon.inra.fr
103,Gorkovskoye,,Reservoir,Russia ,Europe,57.21,43.1,87,5.5,22,936.8,8.82,Satellite,skin,JAS,Philipp Schneider ps@nilu.no; Simon Hook simon.j.hook@jpl.nasa.gov
108,Greifensee,,Lake,Switzerland,Europe,47.35,8.67,435,17.8,32,8.49,0.15,Livingstone,0,JAS,David Livingstone living@eawag.ch
129,IlMen,,Reservoir,Russia ,Europe,58.25,31.21,15,3.4,10,982,,Satellite,skin,JAS,Philipp Schneider ps@nilu.no; Simon Hook simon.j.hook@jpl.nasa.gov
130,Inari,,Lake,Finland,Europe,68.85,28.28,120,14,92,1110,15.1,Kuusisto,0,JAS,Esko Kuusisto esko.kuusisto@ymparisto.fi
136,Kallavesi,,Lake,Finland,Europe,62.9,27.73,82,9,90,898,7.99,Kuusisto,0,JAS,Esko Kuusisto esko.kuusisto@ymparisto.fi
142,Kevojarvi,Kevojärvi,Lake,Finland,Europe,69.75,27,75,11,35,1,0.01,Kuusisto,0,JAS,Esko Kuusisto esko.kuusisto@ymparisto.fi
146,Kremenshugskoye,,Reservoir,Ukraine ,Europe,49.23,32.78,78,6.87,,1964.9,13.5,Satellite,skin,JAS,Philipp Schneider ps@nilu.no; Simon Hook simon.j.hook@jpl.nasa.gov
148,Kuybyshevskoye,,Reservoir,Russia ,Europe,55.29,49.61,56,8,41,5003.3,57.3,Satellite,skin,JAS,Philipp Schneider ps@nilu.no; Simon Hook simon.j.hook@jpl.nasa.gov
157,Ladoga,,Lake,Russia ,Europe,60.77,31.64,11,51,230,17539.1,837,Satellite,skin,JAS,Philipp Schneider ps@nilu.no; Simon Hook simon.j.hook@jpl.nasa.gov
159,Lappajarvi,Lappajärvi,Lake,Finland,Europe,63.26,23.63,70,7,38,141,1.07,Kuusisto,0,JAS,Esko Kuusisto esko.kuusisto@ymparisto.fi
161,Limfjorden,,Lake,Denmark ,Europe,56.95,9.06,3,44.86,24,900,54.17,Satellite,skin,JAS,Philipp Schneider ps@nilu.no; Simon Hook simon.j.hook@jpl.nasa.gov
163,Loch.Leven,,Lake,Scotland,Europe,56.19,-3.37,107,3.9,25.5,13.3,0.09,May,0,JAS,Linda May lmay@ceh.ac.uk
167,Lower.Zurich,,Lake,Switzerland,Europe,47.29,8.58,406,50.2,136,66.61,3.34,Livingstone,0,JAS,David Livingstone living@eawag.ch
168,Maggiore,,Lake,Italy,Europe,45.95,8.63,193.88,176.5,370,212.5,37.5,Rogora,0,JAS,Michela Rogora m.rogora@ise.cnr.it
170,Malaren,Mälaren,Lake,Sweden,Europe,59.5,17.2,0.3,12.8,63,1096,14.03,Weyhenmeyer,0.5,JAS,Gesa  Wehenmeyer Gesa.Weyhenmeyer@ebc.uu.se
185,Mondsee,,Lake,Austria,Europe,47.83,13.38,481,36,68.3,14.2,0.49,Dokulil &Teubner,0,JAS,Martin Dokulil  martin.dokulil@univie.ac.at; Katrin Teubner katrin.teubner@univie.ac.at
189,Muggelsee,Müggelsee,Lake,Germany,Europe,52.43,13.65,32,4.9,8,7.3,0.03,Adrian,0.5,JAS,Rita Adrian adrian@igb-berlin.de
196,Neusiedler.See,Ferto,Lake,Austria B bordering Hungary,Europe,47.75,16.75,116,1.2,1.8,315,0.25,Dokulil,0,JAS,Martin Dokulil martin.dokulil@univie.ac.at 
211,Onegh,Onega,Lake,Russia ,Europe,61.65,35.53,56,30,120,9608.1,280,Satellite,skin,JAS,Philipp Schneider ps@nilu.no; Simon Hook simon.j.hook@jpl.nasa.gov
222,Orta,,Lake,Italy,Europe,45.81,8.4,290,72,143,18.15,1.24,Rogora,0,JAS,Michela Rogora m.rogora@ise.cnr.it
223,Ovre Skarjon, Övre Skärjön,Lake,Sweden,Europe,59.83,15.55,218.7,5.7,32,1.72,9.91E-03,Weyhenmeyer,0,JAS,Gesa  Wehenmeyer Gesa.Weyhenmeyer@ebc.uu.se
224,Paajarvi.Lappajarvi,,lake,H_me Finland,Europe,61.05,25.16,102,15,85,13.4,0.2,Arvola,0,JAS,Lauri Arvola lauri.arvola@helsinki.fi
225,Paijanne,"Murtoselka, Päijänne",Lake,Finland,Europe,61.52,25.5,78,16,95.3,1080,0.2,Kuusisto,0,JAS,Kuusisto esko.kuusisto@ymparisto.fi 
226,Peipsi..Peipus..Mehikoorma,Chudskoye,Lake,Russia Estonia,Europe,58.79,27.43,29,7.1,15.3,3552.8,25,Noges,0,JAS,Tiina and Peeter Noges tiina.noges@emu.ee and peeter.noges@emu.ee
227,Peipsi..Peipus..Mustvee,Chudskoye,Lake,Russia Estonia,Europe,58.79,27.43,29,7.1,15.3,3552.8,25,Noges,0,JAS,Tiina and Peeter Noges tiina.noges@emu.ee and peeter.noges@emu.ee
228,Peipsi..Peipus..Praaga,Chudskoye,Lake,Russia Estonia,Europe,58.79,27.43,29,7.1,15.3,3552.8,25,Noges,0,JAS,Tiina and Peeter Noges tiina.noges@emu.ee and peeter.noges@emu.ee
231,Pielavesi,,Lake,Finland,Europe,63.21,26.66,102,6,27,110,0.66,Kuusisto,0,JAS,Esko Kuusisto esko.kuusisto@ymparisto.fi
232,Pielinen,,Lake,Finland,Europe,63.53,29.13,94,9,60,870,8.5,Kuusisto,0,JAS,Esko Kuusisto esko.kuusisto@ymparisto.fi
234,Plusssee,,Lake,Germany,Europe,54.15,10.38,24,9.4,28,0.14,1.35E-03,Mueller-Navarra,0,JAS,Doerthe Mueller-Navarra doerthe.mueller-navarra@uni-hamburg.de
237,Pyhaselka.Kaskesniemi,Pyhäselkä,Lake,Finland,Europe,62.46,29.76,75.9,10,70,229,2.29,Voutilainen,1,JAS,Ari Voutilainen ari.voutilainen@uef.fi
238,Pyhaselka.Kokonluoto,Pyhäselkä,Lake,Finland,Europe,62.46,29.76,75.9,10,70,229,2.29,Voutilainen,1,JAS,Ari Voutilainen ari.voutilainen@uef.fi
239,Pyhaselka.Noljakansaaret,Pyhäselkä,Lake,Finland,Europe,62.46,29.76,75.9,10,70,229,2.29,Voutilainen,1,JAS,Ari Voutilainen ari.voutilainen@uef.fi
240,Pyhaselka.Pyhasaari,Pyhäselkä.Pyhäsaari,Lake,Finland,Europe,62.46,29.76,75.9,10,70,229,2.29,Voutilainen,1,JAS,Ari Voutilainen ari.voutilainen@uef.fi
243,Razelm,Razim,Lake,Romania ,Europe,44.91,28.94,1,,2.5,508.6,,Satellite,skin,JAS,Philipp Schneider ps@nilu.no; Simon Hook simon.j.hook@jpl.nasa.gov
247,Remmarsjon,Remmarsjön,Lake,Sweden,Europe,63.86,18.27,234.1,5.2,14.4,1.36,7.02E-03,Weyhenmeyer,0,JAS,Gesa  Wehenmeyer Gesa.Weyhenmeyer@ebc.uu.se
249,Rotehogstjarnen,Rotehogstjärnen,Lake,Sweden,Europe,58.81,11.61,120.5,3.4,9.4,0.16,5.71E-04,Weyhenmeyer,0,JAS,Gesa  Wehenmeyer Gesa.Weyhenmeyer@ebc.uu.se
253,Rybinkskoye,,Reservoir,Russia ,Europe,58.41,38.51,108,5.6,28,3926.6,25.4,Satellite,skin,JAS,Philipp Schneider ps@nilu.no; Simon Hook simon.j.hook@jpl.nasa.gov
254,Saimaa,,Lake,Finland,Europe,61.08,28.26,76,12,82,4400,36,Kuusisto,0,JAS,Esko Kuusisto esko.kuusisto@ymparisto.fi
263,Segozero,,Lake,Russia ,Europe,63.27,33.7,129,6.2,103,784.1,17.8,Satellite,skin,JAS,Philipp Schneider ps@nilu.no; Simon Hook simon.j.hook@jpl.nasa.gov
268,Skargolen,Skärgölen,Lake,Sweden,Europe,57.77,15.58,72,7,12.5,0.15,1.08E-03,Weyhenmeyer,0,JAS,Gesa  Wehenmeyer Gesa.Weyhenmeyer@ebc.uu.se
274,St Skarsjon, Övre Skärjön,Lake,Sweden,Europe,56.67,13.06,60,3.8,11.5,0.31,1.17E-03,Weyhenmeyer,0,JAS,Gesa  Wehenmeyer Gesa.Weyhenmeyer@ebc.uu.se
276,Stechlinsee,,Lake,Germany Brandenburg,Europe,53.16,13.03,60,23,68,4.3,1.56,Adrian,0,JAS,Peter Kasprzak daphnia@igb-berlin.de
277,Stensjon,Stensjön,Lake,Sweden,Europe,58.09,14.83,268,4.2,8.5,0.56,2.41E-03,Weyhenmeyer,0,JAS,Gesa  Wehenmeyer Gesa.Weyhenmeyer@ebc.uu.se
278,Stora Envattern,Stora Envättern,Lake,Sweden,Europe,59.11,17.35,62,5,11.2,0.37,1.85E-03,Weyhenmeyer,0,JAS,Gesa  Wehenmeyer Gesa.Weyhenmeyer@ebc.uu.se
305,Tsimlyanskoye,,Reservoir,Russia ,Europe,47.71,42.37,28,8.8,35,2242.4,23.7,Satellite,skin,JAS,Philipp Schneider ps@nilu.no; Simon Hook simon.j.hook@jpl.nasa.gov
312,Upper.Constance,,Lake,Germany,Europe,47.65,9.3,395,101,254,472,48.53,Straile,1,JAS,Dietmar Straile Dietmar.Straile@uni-konstanz.de
313,Upper.Zurich,,Lake,Switzerland,Europe,47.2,8.83,406,19.6,48,21.69,0.42,Livingstone,0,JAS,David Livingstone living@eawag.ch
316,Valkea.Kotinen,,lake,Finland,Europe,61.24,25.06,154,2.5,6.5,0.04,1.00E-04,Arvola,0,JAS,Lauri Arvola lauri.arvola@helsinki.fi
318,Vanern,Vänern,Lake,Sweden ,Europe,59.06,13.6,45,27,106,5650,153,Weyhenmeyer,0,JAS,Gesa  Wehenmeyer Gesa.Weyhenmeyer@ebc.uu.se
319,Vattern,,Lake,Sweden ,Europe,58.33,14.56,91,40,128,1890,74,Satellite,skin,JAS,Philipp Schneider ps@nilu.no; Simon Hook simon.j.hook@jpl.nasa.gov
320,Vattern.at.Motala.Kraftverk,,Lake,Sweden,Europe,58.33,14.56,91,40,128,1890,74,Weyhenmeyer,5,JAS,Gesa  Wehenmeyer Gesa.Weyhenmeyer@ebc.uu.se
321,Vattern.at.Rassnas,,Lake,Sweden,Europe,58.33,14.56,91,40,128,1890,74,Weyhenmeyer,5,JAS,Gesa  Wehenmeyer Gesa.Weyhenmeyer@ebc.uu.se
322,Vattern.at.Vadstena,,Lake,Sweden,Europe,58.33,14.56,91,40,128,1890,74,Wehenmeyer,5,JAS,Gesa  Wehenmeyer Gesa.Weyhenmeyer@ebc.uu.se
325,Vortsjarv,Võrtsjärv,Lake,Estonia central,Europe,58.26,26.03,33.6,2.8,6,270,0.76,Noges,0,JAS,Tiina and Peeter Noges tiina.noges@emu.ee and peeter.noges@emu.ee
326,Walenstadt,,Lake,Switzerland,Europe,47.12,9.21,419,104.5,151,24.13,2.52,Livingstone,0,JAS,David Livingstone living@eawag.ch
338,Woerther.See,,Lake,Austria K,Europe,46.63,14.15,439,41.9,85.2,19.39,0.81,Dokulil,0,JAS,Martin Dokulil martin.dokulil@univie.ac.at 
14,Aral.Sea,,Lake,Kazakhstan Uzbekistan,Middle East,44.8,58.44,42,16,67,65966.8,625,Satellite,skin,JAS,Philipp Schneider ps@nilu.no; Simon Hook simon.j.hook@jpl.nasa.gov
22,Bahral.Milh,Razazza,Reservoir,Iraq ,Middle East,32.74,43.53,36,14,40,1810,25,Satellite,skin,JAS,Philipp Schneider ps@nilu.no; Simon Hook simon.j.hook@jpl.nasa.gov
35,Beysehir,,Lake,Turkey ,Middle East,37.7,31.56,1148,5,9,659.6,3.00E-03,Satellite,skin,JAS,Philipp Schneider ps@nilu.no; Simon Hook simon.j.hook@jpl.nasa.gov
48,BuhayratAthTharthar,,Reservoir,Iraq ,Middle East,33.88,43.3,48,40,65,2119.4,35.18,Satellite,skin,JAS,Philipp Schneider ps@nilu.no; Simon Hook simon.j.hook@jpl.nasa.gov
59,Caspian.Sea,,Lake,Kazakhstan Russia Turkmenistan Azerbaijan Iran,Middle East,42.19,50.49,-22,182,1025,378119.3,78200,Satellite,skin,JAS,Philipp Schneider ps@nilu.no; Simon Hook simon.j.hook@jpl.nasa.gov
81,Dead.Sea,,Lake,Jordan West Bank Israel,Middle East,31.45,35.48,-404,145,433,739.4,147,Satellite,skin,JAS,Philipp Schneider ps@nilu.no; Simon Hook simon.j.hook@jpl.nasa.gov
144,Kinneret,,Lake,Israel,Middle East,32.83,35.58,-209,25.6,43,170,4,Rimmer,0,JAS,Alon Rimmer alon@ocean.org.il
259,Sarykamyshskoye,,Lake,Turkmenistan ,Middle East,41.86,57.5,-12,,,752.4,,Satellite,skin,JAS,Philipp Schneider ps@nilu.no; Simon Hook simon.j.hook@jpl.nasa.gov
265,Sevan,,Lake,Armenia ,Middle East,40.29,45.4,1876,41,86,1249.9,58.5,Satellite,skin,JAS,Philipp Schneider ps@nilu.no; Simon Hook simon.j.hook@jpl.nasa.gov
314,Urmia,,Lake,Iran ,Middle East,37.92,45.24,1271,5,16,4963.4,45,Satellite,skin,JAS,Philipp Schneider ps@nilu.no; Simon Hook simon.j.hook@jpl.nasa.gov
317,Van,,Lake,Turkey ,Middle East,38.63,42.69,1638,171,451,3537.9,607,Satellite,skin,JAS,Philipp Schneider ps@nilu.no; Simon Hook simon.j.hook@jpl.nasa.gov
6,Alexandrina,,Lake,Australia ,Oceania,-35.42,139.21,20,2,5,862.5,1.62,Satellite,skin,JFM,Philipp Schneider ps@nilu.no; Simon Hook simon.j.hook@jpl.nasa.gov
16,Argyle,,Reservoir,Australia ,Oceania,-16.29,128.82,79,10.92,63,980,10.7,Satellite,skin,JAS,Philipp Schneider ps@nilu.no; Simon Hook simon.j.hook@jpl.nasa.gov
28,Barossa.Reservoir,,Reservoir,Australia,Oceania,-34.65,138.84,230.2,7.28,25.92,0.62,4.50E-03,Daly,0,JFM,Rob Daly Rob.Daly@sawater.com.au
30,Bay,,Lake,Philippines ,Oceania,14.41,121.13,12,2.8,7.3,883.7,3.2,Satellite,skin,JFM,Philipp Schneider ps@nilu.no; Simon Hook simon.j.hook@jpl.nasa.gov
33,Beetaloo.Reservoir,,Reservoir,Australia,Oceania,-33.18,138.21,367.4,9.63,24.25,0.33,3.20E-03,Daly,0,JFM,Rob Daly Rob.Daly@sawater.com.au
49,Burragorang.14.km.S.of.Dam.Wall,,Reservoir,Australia,Oceania,-33.88,150.6,116.7,27.1,105,75,2.03,Schultz,0,JFM,Tracey Schultz Tracey.Schultz@sca.nsw.gov.au
50,Burragorang.4.km.Butchers,,Reservoir,Australia,Oceania,-33.88,150.6,116.7,27.1,105,75,2.03,Schultz,0,JFM,Tracey Schultz Tracey.Schultz@sca.nsw.gov.au
51,Burragorang.500m.S.of.Dam.Wall,,Reservoir,Australia,Oceania,-33.88,150.6,116.7,27.1,105,75,2.03,Schultz,0,JFM, Schultz Tracey.Schultz@sca.nsw.gov.au
52,Burragorang.9.km.S.of.Dam.Wall,,Reservoir,Australia,Oceania,-33.88,150.6,116.7,27.1,105,75,2.03,Schultz,0,JFM,Tracey Schultz Tracey.Schultz@sca.nsw.gov.au
53,Burragorang.at.Woll.Arm,,Reservoir,Australia,Oceania,-33.88,150.6,116.7,27.1,105,75,2.03,Schultz,0,JFM,Tracey Schultz Tracey.Schultz@sca.nsw.gov.au
57,Cardinia,,Reservoir,Australia,Oceania,-37.96,145.41,167,22.2,81,12.95,0.28,Haydon,0,JFM,Shane Haydon shane.haydon@melbournewater.com.au
60,Cataract,,Reservoir,Australia,Oceania,-34.27,150.8,289.9,11.5,46,8.46,0.09,Schultz,0,JFM,Tracey Schultz Tracey.Schultz@sca.nsw.gov.au
76,Cordeaux,,Reservoir,Australia,Oceania,-34.34,150.75,303.7,12,52,7.8,0.09,Schultz,0,JFM,Tracey Schultz Tracey.Schultz@sca.nsw.gov.au
96,Fitzroy,,Reservoir,Australia,Oceania,-34.65,150.49,663.5,4.8,10,4.82,0.02,Schultz,0,JFM,Tracey Schultz Tracey.Schultz@sca.nsw.gov.au
107,Greenvale,,Reservoir,Australia,Oceania,-37.63,144.9,167.2,15.4,39,1.74,0.02,Haydon,0,JFM,Shane Haydon shane.haydon@melbournewater.com.au
112,Happy.Valley.Reservoir,,Reservoir,Australia,Oceania,-35.07,138.57,145.3,6.51,20.16,1.78,0.01,Daly,0,JFM,Rob Daly Rob.Daly@sawater.com.au
121,Hope.Valley.Reservoir,,Reservoir,Australia,Oceania,-34.85,138.68,103.4,5.46,13.34,0.52,2.80E-03,Daly,0,JFM,Rob Daly Rob.Daly@sawater.com.au
137,Kangaroo.Creek.Reservoir,,Reservoir,Australia,Oceania,-34.86,138.79,237.5,18.6,47.38,1.03,0.01,Brookes,0,JFM,Justin Brookes justin.brookes@adelaide.edu.au
162,Little.Para.Reservoir,,Reservoir,Australia,Oceania,-34.75,138.72,141.8,16.64,,1.25,0.02,Daly,0,JFM,Rob Daly Rob.Daly@sawater.com.au
176,Maroondah,,Reservoir,Australia,Oceania,-37.63,145.56,123.94,,41,1.97,,Brookes,0,JFM,Justin Brookes justin.brookes@adelaide.edu.au
184,Millbrook.Reservoir,,Reservoir,Australia,Oceania,-34.82,138.81,326.3,9.26,24.96,1.78,0.01,Daly,0,JFM,Rob Daly Rob.Daly@sawater.com.au
188,Mount.Bold.Reservoir,,Reservoir,Australia,Oceania,-35.12,138.71,306.5,14.99,41.45,3.08,0.04,Daly,0,JFM,Rob Daly Rob.Daly@sawater.com.au
191,Myponga.Reservoir,,Reservoir,Australia,Oceania,-35.4,138.44,225.6,9.57,44.08,2.8,0.02,Daly,0,JFM,Rob Daly Rob.Daly@sawater.com.au
202,North.Pine.Dam_Samsonvale,,Reservoir,Australia,Oceania,-27.26,152.93,39.6,42.33,24.9,20.75,0.51,Watkinson,0,JFM,Andrew Watkinson Andrew.Watkinson@seqwater.com.au
250,Rotorua,,Lake,New Zealand,Oceania,-38.08,176.26,280,11,44.8,80.47,0.87,Allan,0,JFM,Mat Allan mga1@waikato.ac.nz; David Hamilton davidh@waikato.ac.nz
266,Silvan,,Lake,Australia,Oceania,-37.83,145.41,248,,40,3.33,0.04,Brookes,0,JFM,Justin Brookes justin.brookes@adelaide.edu.au
272,South.Para.Reservoir,,Reservoir,Australia,Oceania,-34.7,138.86,253.7,11.33,39,4,0.04,Daly,10,JFM,Rob Daly Rob.Daly@sawater.com.au
279,Sugarloaf,,Reservoir,Australia,Oceania,-37.1,143.4,178,21.9,77.7,4.4,0.09,Brookes,0,JFM,Justin Brookes justin.brookes@adelaide.edu.au
297,Tarawera,,Lake,New Zealand,Oceania,-38.2,176.42,298,57,87.5,39,2.3,Allan,,JFM,Mat Allan mat.g.allan@gmail.com; David Hamilton davidh@waikato.ac.nz
298,Taupo,,Lake,New Zealand ,Oceania,-38.79,175.92,395,110,186,600.5,60,Verburg,1,JFM,Piet Verburg piet.verburg@niwa.co.nz
302,Tod.Reservoir,,Reservoir,Australia,Oceania,-34.48,135.85,113.1,8.43,,1.34,0.01,Daly,0,JFM,Rob Daly Rob.Daly@sawater.com.au
309,U..Yarra,,Reservoir,Australia,Oceania,-37.68,145.92,366.6,26.7,80.6,7.5,0.2,Haydon,0,JFM,Shane Haydon shane.haydon@melbournewater.com.au
328,Warren.Reservoir,,Reservoir,Australia,Oceania,-34.71,138.93,395.8,4.56,13.8,1.05,4.80E-03,Daly,0,JFM,Rob Daly Rob.Daly@sawater.com.au
331,Waterfall.Gully_Mt.Curtis,,Reservoir,Australia,Oceania,32.2094,116.0786,,,,,,Brookes,0,JFM,Justin Brookes justin.brookes@adelaide.edu.au
333,Wingecarribee,,Reservoir,Australia,Oceania,-34.54,150.48,677.5,4.1,12,6.26,0.02,Tracey Schultz,0,JFM,Tracey Schultz Tracey.Schultz@sca.nsw.gov.au
339,Yan.Yean,,Reservoir,Australia,Oceania,-37.55,145.14,183.2,5.4,8.4,5.6,0.03,Haydon,0,JFM,Shane Haydon shane.haydon@melbournewater.com.au
15,Argentina,,Lake,Argentina Chile,South America,-50.23,-72.36,225,150,500,1401.9,219.9,Satellite,skin,JFM,Philipp Schneider ps@nilu.no; Simon Hook simon.j.hook@jpl.nasa.gov
20,Atitlan,,Lake,Guatemala ,South America,14.7,-91.19,1615,220,342,123.6,24,Satellite,skin,JFM,Philipp Schneider ps@nilu.no; Simon Hook simon.j.hook@jpl.nasa.gov
38,Blommesteinmeer.Brokopondo,,Reservoir,Suriname ,South America,4.86,-55.05,46,11.5,46.9,1631.4,22.7,Satellite,skin,JFM,Philipp Schneider ps@nilu.no; Simon Hook simon.j.hook@jpl.nasa.gov
47,Buenos.Aires,,Lake,Chile Argentina,South America,-46.49,-71.45,451,,586,1848.2,,Satellite,skin,JFM,Philipp Schneider ps@nilu.no; Simon Hook simon.j.hook@jpl.nasa.gov
68,Chiquita,,Lake,Argentina ,South America,-30.65,-62.49,66,3.5,19,2011.9,5.02,Satellite,skin,JFM,Philipp Schneider ps@nilu.no; Simon Hook simon.j.hook@jpl.nasa.gov
70,Chocon,Embalse Ezequiel Ramos Mejia,Reservoir,Argentina ,South America,-39.52,-69.07,393,24.7,60,811.9,20.15,Satellite,skin,JFM,Philipp Schneider ps@nilu.no; Simon Hook simon.j.hook@jpl.nasa.gov
75,Colhue.Huapi,,Lake,Argentina ,South America,-45.54,-68.73,251,2,5.5,813.9,1.62,Satellite,skin,JFM,Philipp Schneider ps@nilu.no; Simon Hook simon.j.hook@jpl.nasa.gov
132,Itaparica,,Reservoir,Brazil ,South America,-9.71,-41.73,417,18,101,8779.1,10.7,Satellite,skin,JAS,Philipp Schneider ps@nilu.no; Simon Hook simon.j.hook@jpl.nasa.gov
133,Izabal,,Lake,Guatemala ,South America,15.49,-89.14,47,12.62,18,673.29,8.5,Satellite,skin,JFM,Philipp Schneider ps@nilu.no; Simon Hook simon.j.hook@jpl.nasa.gov
160,Lianquihui,,Lake,Chile ,South America,-41.12,-72.78,56,182,317,865.9,158.6,Satellite,skin,JFM,Philipp Schneider ps@nilu.no; Simon Hook simon.j.hook@jpl.nasa.gov
174,Managua,,Lake,Nicaragua ,South America,12.37,-86.36,56,7.8,26,1023.8,7.97,Satellite,skin,JFM,Philipp Schneider ps@nilu.no; Simon Hook simon.j.hook@jpl.nasa.gov
200,Nicaragua,,Lake,Nicaragua ,South America,11.37,-85.2,31,13.75,70,7851.5,108,Satellite,skin,JFM,Philipp Schneider ps@nilu.no; Simon Hook simon.j.hook@jpl.nasa.gov
236,Poopo,,Lake,Bolivia ,South America,-19.01,-66.96,3679,0.5,3,3011,3.41,Satellite,skin,JAS,Philipp Schneider ps@nilu.no; Simon Hook simon.j.hook@jpl.nasa.gov
301,Titicaca,,Lake,Peru Bolivia,South America,-15.78,-69.4,3827,107,281,8270.6,893,Satellite,skin,JAS,Philipp Schneider ps@nilu.no; Simon Hook simon.j.hook@jpl.nasa.gov
324,Viedma,,Lake,Argentina ,South America,-49.55,-72.81,297,2.57,,1047.4,2.7,Satellite,skin,JFM,Philipp Schneider ps@nilu.no; Simon Hook simon.j.hook@jpl.nasa.gov
12,Annie,,Lake,United States,Southeastern North America,27.2,-81.35,33.7,6,21,0.36,3.00E-03,Archbold Biological Station,0,JAS,Kye Ewing kewing@archbold-station.org; Hilary Swain hswain@archbold-station.org
13,Apopka,,Lake,United States,Southeastern North America,28.61,-81.61,20,1.6,3,125,0.26,Havens,0,JAS,Karl Havens khavens@ufl.edu
31,Beauclair,,lake,United States,Southeastern North America,28.76,-81.66,19,2,2.4,4.3,0.01,Havens,0,JAS,Karl Havens khavens@ufl.edu
40,Blue.Cypress,,Lake,United States,Southeastern North America,27.72,-80.75,7,2.3,3.1,28,0.06,Havens,0,JAS,Karl Havens khavens@ufl.edu
58,Carlton,,Lake,United States,Southeastern North America,28.75,-81.66,19,3.8,5,2,7.60E-03,Havens,0,JAS,Karl Havens khavens@ufl.edu
77,Crescent.Lake,,Lake,United States Florida,Southeastern North America,29.45,-81.48,1,3,3.84,63,0.18,Havens,0,JAS,Karl Havens khavens@ufl.edu
82,Denham,,Lake,United States,Southeastern North America,28.76,-81.9,20,1.2,1.5,1,1.20E-03,Havens,0,JAS,Karl Havens khavens@ufl.edu
84,Dora,,Lake,United States,Southeastern North America,28.78,-81.68,19,2.9,4,18,0.05,Havens,0,JAS,Karl Havens khavens@ufl.edu
91,Eustis,,Lake,United States,Southeastern North America,28.83,-81.71,19,3.4,19,28,0.09,Havens,0,JAS,Karl Havens khavens@ufl.edu
101,George,,Lake,United State,Southeastern North America,29.28,-81.58,1,2.5,3.35,186,0.46,Havens,0,JAS,Karl Havens khavens@ufl.edu
109,Griffin,,Lake,United States,Southeastern North America,28.86,-81.84,18.3,2.4,6.1,38.1,0.09,Havens,0,JAS,Karl Havens khavens@ufl.edu
115,Harney,,Lake,United States,Southeastern North America,28.75,-81.05,1,2.1,3.4,23,0.04,Havens,0,JAS,Karl Havens khavens@ufl.edu
117,Harris,,Lake,United States,Southeastern North America,28.77,-81.81,19,3.5,4.3,75,0.15,Havens,0,JAS,Karl Havens khavens@ufl.edu
134,Jesup,,lake,United States Florida,Southeastern North America,28.7,-81.23,1,1.27,3.4,45.06,0.05,Havens,0,JAS,Karl Havens khavens@ufl.edu
165,Lochloosa,,Lake,United States,Southeastern North America,29.52,-82.13,18,1.8,10,26,0.04,Havens,0,JAS,Karl Havens khavens@ufl.edu
198,Newnans,,Lake,United States,Southeastern North America,29.64,-82.22,20,1.5,3.6,30.42,0.05,Havens,0,JAS,Karl Havens khavens@ufl.edu
203,OkeechobeeL001,,Lake,United States ,Southeastern North America,27.138892,-80.793397,4,2.7,4.5,1436.8,5.2,Havens,0.5,JAS,Karl Havens khavens@ufl.edu
204,OkeechobeeL002,,Lake,United States ,Southeastern North America,27.082784,-80.794247,5.49,2.74,3.66,1891,5.18,Havens,0.5,JAS,Karl Havens khavens@ufl.edu
205,OkeechobeeL003,,Lake,United States ,Southeastern North America,27.045392,-80.707974,5.49,2.74,3.66,1891,5.18,Havens,0.5,JAS,Karl Havens khavens@ufl.edu
206,OkeechobeeL004,,Lake,United States ,Southeastern North America,26.977684,-80.709582,5.49,2.74,3.66,1891,5.18,Havens,0.5,JAS,Karl Havens khavens@ufl.edu
207,OkeechobeeL005,,Lake,United States ,Southeastern North America,26.95693,-80.972385,5.49,2.74,3.66,1891,5.18,Havens,0.5,JAS,Karl Havens khavens@ufl.edu
208,OkeechobeeL006,,Lake,United States ,Southeastern North America,26.822558,-80.782836,5.49,2.74,3.66,1891,5.18,Havens,0.5,JAS,Karl Havens khavens@ufl.edu
209,OkeechobeeL007,,Lake,United States ,Southeastern North America,26.770001,-80.78435,5.49,2.74,3.66,1891,5.18,Havens,0.5,JAS,Karl Havens khavens@ufl.edu
210,OkeechobeeL008,,Lake,United States ,Southeastern North America,26.957112,-80.891692,5.49,2.74,3.66,1891,5.18,Havens,0.5,JAS,Karl Havens khavens@ufl.edu
221,Orange,,Lake,United States,Southeastern North America,29.45,-82.17,17,1.9,2.4,48,0.09,Havens,0,JAS,Karl Havens khavens@ufl.edu
235,Poinsett,,Lake,United States Florida,Southeastern North America,28.33,-80.83,4,1.5,2.5,18,0.02,Havens,0,JAS,Karl Havens khavens@ufl.edu
330,Washington_FL,,Lake,United State,Southeastern North America,28.14,-80.74,4.88,,,17.65,,Havens,0,JAS,Karl Havens khavens@ufl.edu
5,Aleknagik,,Lake,United states,Western North America,59.35,-158.82,10,43,110,83,3.56,Schindler,0,JAS,Daniel Schindler deschind@uw.edu
9,Almanor,,Reservoir ,United States ,Western North America,40.22,-121.1,1403,13.38,27.4,104.6,1.4,Satellite,skin,JAS,Philipp Schneider ps@nilu.no; Simon Hook simon.j.hook@jpl.nasa.gov
19,Athabasca,,Lake,Canada ,Western North America,59.47,-109.39,212,26,124,7781.6,204,Satellite,skin,JAS,Philipp Schneider ps@nilu.no; Simon Hook simon.j.hook@jpl.nasa.gov
32,Becharof.Lake,,Lake,United States ,Western North America,57.98,-156.64,22,,92,1184.5,,Satellite,skin,JAS,Philipp Schneider ps@nilu.no; Simon Hook simon.j.hook@jpl.nasa.gov
64,Chapala,,Lake,Mexico ,Western North America,20.23,-102.9,1573,7.2,10.5,1127.3,7.9,Satellite,skin,JFM,Philipp Schneider ps@nilu.no; Simon Hook simon.j.hook@jpl.nasa.gov
72,Claire,,Lake,Canada ,Western North America,58.59,-112.08,212,1.2,2,1325.6,1.7,Satellite,skin,JAS,Philipp Schneider ps@nilu.no; Simon Hook simon.j.hook@jpl.nasa.gov
73,Clear.Lake,,Lake,United States California,Western North America,39.07,-122.84,474,8.2,18,157.5,1.29,Satellite,skin,JAS,Philipp Schneider ps@nilu.no; Simon Hook simon.j.hook@jpl.nasa.gov
80,Dauphin,,Lake,Canada ,Western North America,51.18,-99.71,259,2.4,3.4,516.4,1.29,Satellite,skin,JAS,Philipp Schneider ps@nilu.no; Simon Hook simon.j.hook@jpl.nasa.gov
85,Dore,,Lake,Canada ,Western North America,54.76,-107.28,459,10.9,20.4,634.4,6.68,Satellite,skin,JAS,Philipp Schneider ps@nilu.no; Simon Hook simon.j.hook@jpl.nasa.gov
86,Dubawnt,,Lake,Canada ,Western North America,63.17,-101.47,235,,65,3628.5,,Satellite,skin,JAS,Philipp Schneider ps@nilu.no; Simon Hook simon.j.hook@jpl.nasa.gov
104,Great.Bear,,Lake,Canada ,Western North America,66,-120.32,157,71.6,446,30530.1,2236,Satellite,skin,JAS,Philipp Schneider ps@nilu.no; Simon Hook simon.j.hook@jpl.nasa.gov
105,Great.Salt.Lake,,Lake,United States ,Western North America,41.02,-112.42,1275,4,10,5965.8,18.92,Satellite,skin,JAS,Philipp Schneider ps@nilu.no; Simon Hook simon.j.hook@jpl.nasa.gov
106,Great.Slave,,Lake,Canada ,Western North America,61.35,-114.79,158,41,614,27816.3,1580,Satellite,skin,JAS,Philipp Schneider ps@nilu.no; Simon Hook simon.j.hook@jpl.nasa.gov
128,Iliamna.Lake,,Lake,United States ,Western North America,59.47,-155.6,35,442.2,299,2623.2,1160,Satellite,skin,JAS,Philipp Schneider ps@nilu.no; Simon Hook simon.j.hook@jpl.nasa.gov
140,Kasba,,Lake,Canada ,Western North America,60.32,-102.11,335,,,1334.8,,Satellite,skin,JAS,Philipp Schneider ps@nilu.no; Simon Hook simon.j.hook@jpl.nasa.gov
177,Martre,,Lake,Canada ,Western North America,63.45,-118.19,265,,,1684,,Satellite,skin,JAS,Philipp Schneider ps@nilu.no; Simon Hook simon.j.hook@jpl.nasa.gov
178,McConaughy,,Lake,United States Nebraska,Western North America,41.22,-101.72,996,14.9,43,144,2.15,Lenters,0,JAS,John Lenters jlenters@mac.com
186,Mono.Lake,,Lake,United States ,Western North America,38.01,-118.96,1955,16.5,43,212,2.97,Satellite,skin,JAS,Philipp Schneider ps@nilu.no; Simon Hook simon.j.hook@jpl.nasa.gov
230,PeterPond,,Lake,Canada ,Western North America,56.02,-108.92,423,13.7,24,778,10.6,Satellite,skin,JAS,Philipp Schneider ps@nilu.no; Simon Hook simon.j.hook@jpl.nasa.gov
241,Pyramid.Lake,,Lake,United States ,Western North America,40.1,-119.59,1161,60,105,448.2,27,Satellite,skin,JAS,Philipp Schneider ps@nilu.no; Simon Hook simon.j.hook@jpl.nasa.gov
246,Reindeer,,Lake,Canada ,Western North America,57.57,-102.14,337,17,219,5596.6,95.25,Satellite,skin,JAS,Philipp Schneider ps@nilu.no; Simon Hook simon.j.hook@jpl.nasa.gov
256,Salton.Sea.Center,,Lake,United States ,Western North America,33.24,-115.72,-74,9.2,15,929,9.25,Satellite,skin,JAS,Philipp Schneider ps@nilu.no; Simon Hook simon.j.hook@jpl.nasa.gov
257,Salton.Sea.SS1,,Lake,United States ,Western North America,33.22,-115.82,-74,9.2,15,929,9.25,Satellite,skin,JAS,Philipp Schneider ps@nilu.no; Simon Hook simon.j.hook@jpl.nasa.gov
264,Selawik.Lake,,Lake,United States ,Western North America,66.47,-160.52,1,,,1066.2,,Satellite,skin,JAS,Philipp Schneider ps@nilu.no; Simon Hook simon.j.hook@jpl.nasa.gov
269,Sky.Pond,,Lake,United State,Western North America,40.27,-105.66,3322,4.5,7.3,0.03,1.22E-04,Baron and Heath,0,JAS,Jill Baron Jill.Baron@colostate.edu
285,Tahoe.Index,,Lake,United States,Western North America,39.11,-120.03,1897,305,501,495,151,Schladow,0,JAS,Geoff Schladow gschladow@ucdavis.edu
286,Tahoe.Mid.Lake,,Lake,United States California Nevada,Western North America,39.13,-120.05,1996,305,501,484.7,156,Schladow,0,JAS,Geoff Schladow gschladow@ucdavis.edu
287,Tahoe.TB1,,Lake,United States ,Western North America,39.15,-120,1996,305,501,484.7,156,Satellite,skin,JAS,Philipp Schneider ps@nilu.no; Simon Hook simon.j.hook@jpl.nasa.gov
288,Tahoe.TB2,,Lake,United States ,Western North America,39.1,-120.01,1996,305,501,484.7,156,Satellite,skin,JAS,Philipp Schneider ps@nilu.no; Simon Hook simon.j.hook@jpl.nasa.gov
289,Tahoe.TB3,,Lake,United States ,Western North America,39.11,-120.07,1996,305,501,484.7,156,Satellite,skin,JAS,Philipp Schneider ps@nilu.no; Simon Hook simon.j.hook@jpl.nasa.gov
290,Tahoe.TB4,,Lake,United States ,Western North America,39.15,-120.07,1996,305,501,484.7,156,Satellite,skin,JAS,Philipp Schneider ps@nilu.no; Simon Hook simon.j.hook@jpl.nasa.gov
300,Teshekpuk.Lake,,Lake,United States ,Western North America,70.6,-153.61,2,,10,834.9,,Satellite,skin,JAS,Philipp Schneider ps@nilu.no; Simon Hook simon.j.hook@jpl.nasa.gov
164,The.Loch,,Lake,United States,Western North America,40.29,-105.65,3048,1.5,4.7,0.04,6.10E-05,Baron and Heath,0,JAS,Jill Baron Jill.Baron@colostate.edu
303,Toolik..JJA.,,Lake,United States,Western North America,68.63,-149.6,719,1.7,25,1.5,0.01,Arctic LTER,0,JAS,Sally MacIntyre sally@eri.ucsb.edu
327,Walker.Lake,,Lake,United States ,Western North America,38.71,-118.71,1206,19.3,26.3,165.5,3.19,Satellite,skin,JAS,Philipp Schneider ps@nilu.no; Simon Hook simon.j.hook@jpl.nasa.gov
329,Washington,,Lake,United States,Western North America,47.63,-122.26,4.9,32.9,65.2,87.6,2.89,Schindler,0,JAS,Daniel Schindler deschind@uw.edu
